{
    "content_scripts": [], 
    "description": "Extension description", 
    "creator": "Kango", 
    "framework_version": "1.7.9 e39b6ff2fcc8", 
    "background_scripts": [
        "common.js", 
        "main.js"
    ], 
    "homepage_url": "http://kangoextensions.com/", 
    "version": "0.9.0", 
    "options_page": "options.html", 
    "framework_package_id": "dev", 
    "browser_button": {
        "caption": "Kango", 
        "tooltipText": "Kango", 
        "icon": "icons/button.png"
    }, 
    "id": "gdiahahhddmpjbnndakbglpihlndgmmd", 
    "name": "env_switcher"
}